# アイテム：#アイテムID,名前,分類,効果,効果値,状態異常,価格,バトル中,フィールド,消費,アイコン,説明
1,キズぐすり,MEDICINE,HEAL_HP,20,,300,1,1,1,,
2,いいキズぐすり,MEDICINE,HEAL_HP,50,,700,1,1,1,,
3,すごいキズぐすり,MEDICINE,HEAL_HP,200,,1500,1,1,1,,
4,まんたんのくすり,MEDICINE,HEAL_HP,9999,,2500,1,1,1,,
5,どくけし,MEDICINE,CURE_STATUS,0,POSON,200,1,1,1,,
6,ねむけざまし,MEDICINE,CURE_STATUS,0,SLEEP,200,1,1,1,,
7,やけどなおし,MEDICINE,CURE_STATUS,0,BURN,200,1,1,1,,
8,なんでもなおし,MEDICINE,CURE_STATUS,0,,600,1,1,1,,
9,げんきのかけら,MEDICINE,REVIVE,50,,1500,1,1,1,,
10,げんきのかたまり,MEDICINE,REVIVE,100,,3000,1,1,1,,
11,PPエイド,MEDICINE,RESTORE_PP,10,,1500,1,1,1,,
12,モンスターボール,BALL,CATCH,100,,200,1,0,1,,
13,スーパーボール,BALL,CATCH,150,,600,1,0,1,,
14,ハイパーボール,BALL,CATCH,200,,1200,1,0,1,,
15,プラスパワー,BATTLE,ATK_UP,1,,500,1,0,1,,
16,ディフェンダー,BATTLE,DEF_UP,1,,500,1,0,1,,
17,しんかのいし,EVOLUTION,EVOLVE,0,,2100,0,1,1,,
