#図鑑番号,名前,タイプ1,タイプ2,HP,攻撃,防御,素早さ,成長率,基礎経験値,捕獲率,アイコン画像パス,正面画像パス,背面画像パス,鳴き声パス,説明
1,野本アレン,WIND,,100,120,80,100,FAST,100,45,Data/Image/Monster/Icon/001.png,Data/Image/Monster/Front/001.png,Data/Image/Monster/Back/001.png,Data/Sound/Cry/001.wav,サンプルの説明文
2,勝吉虹斗,WIND,,100,80,120,100,MEDIUM,100000,45,Data/Image/Monster/Icon/002.png,Data/Image/Monster/Front/002.png,Data/Image/Monster/Back/002.png,Data/Sound/Cry/002.wav,サンプルの説明文
3,,WIND,,,,,,,,,,,,,
4,,WATER,,,,,,,,,,,,,
5,,WATER,,,,,,,,,,,,,
6,,WATER,,,,,,,,,,,,,
7,,FIRE,,,,,,,,,,,,,
8,,FIRE,,,,,,,,,,,,,
9,,FIRE,,,,,,,,,,,,,
10,,,,,,,,,,,,,,,
11,,,,,,,,,,,,,,,
12,,,,,,,,,,,,,,,
13,,,,,,,,,,,,,,,
14,,,,,,,,,,,,,,,
15,,,,,,,,,,,,,,,
16,,,,,,,,,,,,,,,
17,,,,,,,,,,,,,,,
18,,,,,,,,,,,,,,,
19,,,,,,,,,,,,,,,
20,,,,,,,,,,,,,,,
21,,,,,,,,,,,,,,,
22,,,,,,,,,,,,,,,
23,,,,,,,,,,,,,,,
24,,,,,,,,,,,,,,,
25,,,,,,,,,,,,,,,
26,,,,,,,,,,,,,,,
27,,,,,,,,,,,,,,,
28,,,,,,,,,,,,,,,
29,,,,,,,,,,,,,,,
30,,,,,,,,,,,,,,,
31,,,,,,,,,,,,,,,
32,,,,,,,,,,,,,,,
33,,,,,,,,,,,,,,,
34,,,,,,,,,,,,,,,
35,,,,,,,,,,,,,,,
36,,,,,,,,,,,,,,,
37,,,,,,,,,,,,,,,
38,,,,,,,,,,,,,,,
39,,,,,,,,,,,,,,,
40,,,,,,,,,,,,,,,
41,,,,,,,,,,,,,,,
42,,,,,,,,,,,,,,,
43,,,,,,,,,,,,,,,
44,,,,,,,,,,,,,,,
45,,,,,,,,,,,,,,,
46,,,,,,,,,,,,,,,
47,,,,,,,,,,,,,,,
48,,,,,,,,,,,,,,,
49,,,,,,,,,,,,,,,
50,,,,,,,,,,,,,,,
51,,,,,,,,,,,,,,,
52,,,,,,,,,,,,,,,
53,,,,,,,,,,,,,,,
54,,,,,,,,,,,,,,,
55,,,,,,,,,,,,,,,
56,,,,,,,,,,,,,,,
57,,,,,,,,,,,,,,,
58,,,,,,,,,,,,,,,
59,,,,,,,,,,,,,,,
60,,,,,,,,,,,,,,,
61,,,,,,,,,,,,,,,
62,,,,,,,,,,,,,,,
63,,,,,,,,,,,,,,,
64,,,,,,,,,,,,,,,
65,,,,,,,,,,,,,,,
66,,,,,,,,,,,,,,,
67,,,,,,,,,,,,,,,
68,,,,,,,,,,,,,,,
69,,,,,,,,,,,,,,,
70,,,,,,,,,,,,,,,
71,,,,,,,,,,,,,,,
72,,,,,,,,,,,,,,,
73,,,,,,,,,,,,,,,
74,,,,,,,,,,,,,,,
75,,,,,,,,,,,,,,,
76,,,,,,,,,,,,,,,
77,,,,,,,,,,,,,,,
78,,,,,,,,,,,,,,,
79,,,,,,,,,,,,,,,
80,,,,,,,,,,,,,,,
81,,,,,,,,,,,,,,,
82,,,,,,,,,,,,,,,
83,,,,,,,,,,,,,,,
84,,,,,,,,,,,,,,,
85,,,,,,,,,,,,,,,
86,,,,,,,,,,,,,,,
87,,,,,,,,,,,,,,,
88,,,,,,,,,,,,,,,
89,,,,,,,,,,,,,,,
90,,,,,,,,,,,,,,,
91,,,,,,,,,,,,,,,
92,,,,,,,,,,,,,,,
93,,,,,,,,,,,,,,,
94,,,,,,,,,,,,,,,
95,,,,,,,,,,,,,,,
96,,,,,,,,,,,,,,,
97,,,,,,,,,,,,,,,
98,,,,,,,,,,,,,,,
99,,,,,,,,,,,,,,,
100,,,,,,,,,,,,,,,
101,,,,,,,,,,,,,,,
102,,,,,,,,,,,,,,,
103,,,,,,,,,,,,,,,
104,,,,,,,,,,,,,,,
105,,,,,,,,,,,,,,,
106,,,,,,,,,,,,,,,
107,,,,,,,,,,,,,,,
108,,,,,,,,,,,,,,,
109,,,,,,,,,,,,,,,
110,,,,,,,,,,,,,,,
111,,,,,,,,,,,,,,,
112,,,,,,,,,,,,,,,
113,,,,,,,,,,,,,,,
114,,,,,,,,,,,,,,,
115,,,,,,,,,,,,,,,
116,,,,,,,,,,,,,,,
117,,,,,,,,,,,,,,,
118,,,,,,,,,,,,,,,
119,,,,,,,,,,,,,,,
120,,,,,,,,,,,,,,,
121,,,,,,,,,,,,,,,
122,,,,,,,,,,,,,,,
123,,,,,,,,,,,,,,,
124,,,,,,,,,,,,,,,
125,,,,,,,,,,,,,,,
126,,,,,,,,,,,,,,,
127,,,,,,,,,,,,,,,
128,,,,,,,,,,,,,,,
129,,,,,,,,,,,,,,,
130,,,,,,,,,,,,,,,
131,,,,,,,,,,,,,,,
132,,,,,,,,,,,,,,,
133,,,,,,,,,,,,,,,
134,,,,,,,,,,,,,,,
135,,,,,,,,,,,,,,,
136,,,,,,,,,,,,,,,
137,,,,,,,,,,,,,,,
138,,,,,,,,,,,,,,,
139,,,,,,,,,,,,,,,
140,,,,,,,,,,,,,,,
141,,,,,,,,,,,,,,,
142,,,,,,,,,,,,,,,
143,,,,,,,,,,,,,,,
144,,,,,,,,,,,,,,,
145,,,,,,,,,,,,,,,
146,,,,,,,,,,,,,,,
147,,,,,,,,,,,,,,,
148,,,,,,,,,,,,,,,
149,,,,,,,,,,,,,,,
150,,,,,,,,,,,,,,,
151,,,,,,,,,,,,,,,
