#技ID,技名,タイプ,威力,命中率,最大pp,優先度,追加効果,効果の数値,効果の発動確立,説明
1,たいあたり,NORMAL,40,100,35,0,NONE,0,0,あいてにたいあたりをする
2,ぶつかる,NORMAL,40,100,35,0,NONE,0,0,あいてにぶつかる
3,ひっかく,NORMAL,40,100,35,0,NONE,0,0,あいてをつめでひっかく
4,ひのこ,FIRE,40,100,20,0,NONE,0,0,炎ちょっと放つ
5,みずたまり,WATER,40,100,20,0,NONE,0,0,水をちょっと出す
6,そよかぜ,WIND,40,100,20,0,NONE,0,0,風をちょっと起こす
7,ヒートタックル,FIRE,70,100,20,0,NONE,0,0,炎を纏った体で相手にぶつかる
8,ウォーターポンプ,WATER,70,100,20,0,NONE,0,0,勢いよく水を吐き出す
9,ウィンドカッター,WIND,70,100,20,0,NONE,0,0,勢いよく風の刃をぶつける
10,,,,,,,,,,
11,,,,,,,,,,
12,,,,,,,,,,
13,,,,,,,,,,
14,,,,,,,,,,
15,,,,,,,,,,
16,,,,,,,,,,
17,,,,,,,,,,
18,,,,,,,,,,
19,,,,,,,,,,
20,,,,,,,,,,
21,,,,,,,,,,
22,,,,,,,,,,
23,,,,,,,,,,
24,,,,,,,,,,
25,,,,,,,,,,
26,,,,,,,,,,
27,,,,,,,,,,
28,,,,,,,,,,
29,,,,,,,,,,
30,,,,,,,,,,
31,,,,,,,,,,
32,,,,,,,,,,
33,,,,,,,,,,
34,,,,,,,,,,
35,,,,,,,,,,
36,,,,,,,,,,
37,,,,,,,,,,
38,,,,,,,,,,
39,,,,,,,,,,
40,,,,,,,,,,
41,,,,,,,,,,
42,,,,,,,,,,
43,,,,,,,,,,
44,,,,,,,,,,
45,,,,,,,,,,
46,,,,,,,,,,
47,,,,,,,,,,
48,,,,,,,,,,
49,,,,,,,,,,
50,,,,,,,,,,
51,,,,,,,,,,
52,,,,,,,,,,
53,,,,,,,,,,
54,,,,,,,,,,
55,,,,,,,,,,
56,,,,,,,,,,
57,,,,,,,,,,
58,,,,,,,,,,
59,,,,,,,,,,
60,,,,,,,,,,
61,,,,,,,,,,
62,,,,,,,,,,
63,,,,,,,,,,
64,,,,,,,,,,
65,,,,,,,,,,
66,,,,,,,,,,
67,,,,,,,,,,
68,,,,,,,,,,
69,,,,,,,,,,
70,,,,,,,,,,
71,,,,,,,,,,
72,,,,,,,,,,
73,,,,,,,,,,
74,,,,,,,,,,
75,,,,,,,,,,
76,,,,,,,,,,
77,,,,,,,,,,
78,,,,,,,,,,
79,,,,,,,,,,
80,,,,,,,,,,
81,,,,,,,,,,
82,,,,,,,,,,
83,,,,,,,,,,
84,,,,,,,,,,
85,,,,,,,,,,
86,,,,,,,,,,
87,,,,,,,,,,
88,,,,,,,,,,
89,,,,,,,,,,
90,,,,,,,,,,
91,,,,,,,,,,
92,,,,,,,,,,
93,,,,,,,,,,
94,,,,,,,,,,
95,,,,,,,,,,
96,,,,,,,,,,
97,,,,,,,,,,
98,,,,,,,,,,
99,,,,,,,,,,
100,,,,,,,,,,
101,,,,,,,,,,
102,,,,,,,,,,
103,,,,,,,,,,
104,,,,,,,,,,
105,,,,,,,,,,
106,,,,,,,,,,
107,,,,,,,,,,
108,,,,,,,,,,
109,,,,,,,,,,
110,,,,,,,,,,
111,,,,,,,,,,
112,,,,,,,,,,
113,,,,,,,,,,
114,,,,,,,,,,
115,,,,,,,,,,
116,,,,,,,,,,
117,,,,,,,,,,
118,,,,,,,,,,
119,,,,,,,,,,
120,,,,,,,,,,
121,,,,,,,,,,
122,,,,,,,,,,
123,,,,,,,,,,
124,,,,,,,,,,
125,,,,,,,,,,
126,,,,,,,,,,
127,,,,,,,,,,
128,,,,,,,,,,
129,,,,,,,,,,
130,,,,,,,,,,
131,,,,,,,,,,
132,,,,,,,,,,
133,,,,,,,,,,
134,,,,,,,,,,
135,,,,,,,,,,
136,,,,,,,,,,
137,,,,,,,,,,
138,,,,,,,,,,
139,,,,,,,,,,
140,,,,,,,,,,
141,,,,,,,,,,
142,,,,,,,,,,
143,,,,,,,,,,
144,,,,,,,,,,
145,,,,,,,,,,
146,,,,,,,,,,
147,,,,,,,,,,
148,,,,,,,,,,
149,,,,,,,,,,
150,,,,,,,,,,
151,,,,,,,,,,
152,,,,,,,,,,
153,,,,,,,,,,
154,,,,,,,,,,
155,,,,,,,,,,
156,,,,,,,,,,
157,,,,,,,,,,
158,,,,,,,,,,
159,,,,,,,,,,
160,,,,,,,,,,
161,,,,,,,,,,
162,,,,,,,,,,
163,,,,,,,,,,
164,,,,,,,,,,
165,,,,,,,,,,
166,,,,,,,,,,
167,,,,,,,,,,
168,,,,,,,,,,
169,,,,,,,,,,
170,,,,,,,,,,
171,,,,,,,,,,
172,,,,,,,,,,
173,,,,,,,,,,
174,,,,,,,,,,
175,,,,,,,,,,
176,,,,,,,,,,
177,,,,,,,,,,
178,,,,,,,,,,
179,,,,,,,,,,
180,,,,,,,,,,
181,,,,,,,,,,
182,,,,,,,,,,
183,,,,,,,,,,
184,,,,,,,,,,
185,,,,,,,,,,
186,,,,,,,,,,
187,,,,,,,,,,
188,,,,,,,,,,
189,,,,,,,,,,
190,,,,,,,,,,
191,,,,,,,,,,
192,,,,,,,,,,
193,,,,,,,,,,
194,,,,,,,,,,
195,,,,,,,,,,
196,,,,,,,,,,
197,,,,,,,,,,
198,,,,,,,,,,
199,,,,,,,,,,
