-1,-1,-1,-1,-1,-1,-1,-1,-1,-1,-1,-1,-1,-1,-1,-1,-1,-1,-1,-1,-1,-1,-1,-1,-1,-1,-1,-1,-1,-1
-1,-1,-1,-1,-1,-1,-1,-1,-1,-1,-1,-1,-1,-1,-1,-1,-1,-1,-1,-1,-1,-1,-1,-1,-1,-1,-1,-1,-1,-1
-1,-1,-1,-1,-1,-1,-1,-1,-1,-1,-1,-1,-1,-1,-1,-1,-1,-1,-1,-1,-1,-1,-1,-1,-1,-1,-1,-1,-1,-1
-1,-1,-1,-1,-1,-1,-1,-1,-1,-1,-1,-1,-1,-1,-1,-1,-1,-1,-1,-1,-1,-1,-1,-1,-1,-1,-1,-1,-1,-1
-1,-1,-1,-1,860,861,862,863,-1,-1,860,861,862,863,-1,-1,860,861,862,863,-1,-1,860,861,862,863,-1,-1,-1,-1
-1,-1,-1,-1,868,869,870,871,-1,-1,868,869,870,871,-1,-1,868,869,870,871,-1,-1,868,869,870,871,-1,-1,-1,-1
-1,-1,-1,-1,876,877,878,879,-1,-1,876,877,878,879,-1,-1,876,877,878,879,-1,-1,876,877,878,879,-1,-1,-1,-1
-1,-1,-1,-1,884,885,886,887,-1,-1,884,885,886,887,-1,-1,884,885,886,887,-1,-1,884,885,886,887,-1,-1,-1,-1
-1,-1,-1,-1,-1,-1,-1,-1,-1,-1,-1,-1,363,364,365,366,367,-1,-1,-1,-1,-1,-1,-1,-1,-1,-1,-1,-1,-1
-1,-1,-1,-1,-1,-1,-1,-1,-1,-1,-1,-1,-1,372,373,374,-1,-1,-1,-1,-1,-1,-1,-1,-1,-1,-1,-1,-1,-1
-1,-1,-1,-1,-1,-1,-1,-1,-1,-1,-1,-1,-1,380,381,383,-1,-1,-1,-1,-1,-1,-1,-1,-1,-1,-1,-1,-1,-1
-1,-1,-1,-1,-1,-1,-1,-1,-1,-1,-1,-1,-1,388,389,391,-1,-1,-1,-1,-1,-1,-1,-1,-1,-1,-1,-1,-1,-1
-1,-1,-1,-1,-1,-1,-1,-1,-1,-1,-1,-1,-1,-1,-1,-1,-1,-1,-1,-1,-1,-1,-1,-1,-1,-1,-1,-1,-1,-1
-1,-1,692,693,-1,692,693,-1,-1,-1,692,693,-1,-1,-1,692,693,-1,-1,-1,692,693,-1,-1,-1,692,693,-1,692,693
-1,-1,700,701,-1,700,701,-1,-1,-1,700,701,-1,-1,-1,700,701,-1,-1,-1,700,701,-1,-1,-1,700,701,-1,700,701
-1,-1,708,709,-1,708,709,-1,-1,-1,708,709,-1,-1,-1,708,709,-1,-1,-1,708,709,-1,-1,-1,708,709,-1,708,709
-1,-1,716,717,724,716,717,-1,-1,724,716,717,-1,-1,724,716,717,-1,-1,724,716,717,-1,-1,724,716,717,724,716,717
-1,-1,-1,-1,732,-1,-1,-1,-1,732,-1,-1,-1,-1,732,-1,-1,-1,-1,732,-1,-1,-1,-1,732,-1,-1,732,-1,-1
-1,-1,694,695,-1,694,695,-1,694,695,-1,-1,-1,-1,-1,-1,-1,-1,-1,-1,-1,-1,694,695,-1,-1,694,695,-1,-1
-1,-1,702,703,-1,702,703,-1,702,703,-1,-1,-1,-1,-1,-1,-1,-1,-1,-1,-1,-1,702,703,-1,-1,702,703,-1,-1
-1,-1,-1,-1,-1,-1,-1,-1,-1,-1,688,689,689,689,689,689,690,-1,-1,-1,-1,-1,-1,-1,-1,-1,-1,-1,-1,-1
-1,-1,-1,-1,-1,-1,-1,-1,-1,725,-1,698,696,696,696,698,-1,725,-1,-1,-1,-1,-1,-1,-1,-1,-1,-1,-1,-1
-1,-1,-1,-1,-1,-1,-1,-1,-1,733,-1,706,-1,-1,-1,706,-1,733,-1,-1,-1,-1,-1,-1,-1,-1,-1,-1,-1,-1
-1,-1,-1,-1,-1,-1,-1,-1,-1,725,-1,706,-1,-1,-1,706,-1,725,-1,-1,-1,-1,-1,-1,-1,-1,-1,-1,-1,-1
-1,-1,-1,-1,-1,-1,-1,-1,-1,733,-1,706,-1,-1,-1,706,-1,733,-1,-1,-1,-1,-1,-1,-1,-1,-1,-1,-1,-1
-1,-1,-1,-1,-1,-1,-1,-1,-1,725,704,706,-1,-1,-1,706,705,725,-1,-1,-1,-1,-1,-1,-1,-1,-1,-1,-1,-1
-1,-1,-1,-1,-1,-1,-1,-1,-1,733,712,714,-1,-1,-1,714,713,733,-1,-1,-1,-1,-1,-1,-1,-1,-1,-1,-1,-1
-1,-1,-1,-1,-1,-1,-1,-1,-1,-1,-1,-1,-1,-1,-1,-1,-1,-1,-1,-1,-1,-1,-1,-1,-1,-1,-1,-1,-1,-1
-1,-1,-1,-1,-1,-1,-1,-1,-1,-1,-1,-1,-1,-1,-1,-1,-1,-1,-1,-1,-1,-1,-1,-1,-1,-1,-1,-1,-1,-1
-1,-1,-1,-1,-1,-1,-1,-1,-1,-1,-1,-1,-1,-1,-1,-1,-1,-1,-1,-1,-1,-1,-1,-1,-1,-1,-1,-1,-1,-1
