400,400,400,400,400,400,400,400,400,400,400,400,400,400,400,400,400,400,400,400,400,400,400,400,400,400,400,400,400,400,400,400
400,23,23,23,23,23,23,23,23,23,23,23,54,55,56,23,23,23,23,23,23,23,23,23,23,23,23,23,23,23,23,400
400,23,23,23,23,23,23,23,23,23,23,23,86,87,88,23,23,23,23,23,23,23,23,23,23,23,23,23,23,23,23,400
400,23,23,23,23,23,23,23,23,23,23,23,86,87,88,23,23,23,23,23,23,23,23,23,23,23,23,23,23,23,23,400
400,23,23,23,23,23,23,23,23,23,23,23,86,87,88,23,23,23,23,23,23,23,23,23,23,23,23,23,23,23,23,400
400,23,23,23,23,23,23,23,23,23,23,23,86,87,88,23,23,23,23,23,23,23,23,23,23,23,23,23,23,23,23,400
400,23,23,23,23,23,23,23,23,23,23,23,86,87,88,23,23,23,23,23,23,23,23,23,23,23,23,23,23,23,23,400
400,23,23,23,23,23,23,23,23,23,23,23,86,87,88,23,23,23,23,23,23,23,23,23,23,23,23,23,23,23,23,400
400,23,23,23,23,23,23,23,23,23,23,23,86,87,88,23,23,23,23,23,23,23,23,23,23,23,23,23,23,23,23,400
400,23,23,23,23,23,23,23,23,23,23,23,86,87,88,23,23,23,23,23,23,23,23,23,23,23,23,23,23,23,23,400
400,23,23,23,23,23,23,23,23,23,23,23,86,87,88,23,23,23,23,23,23,23,23,23,23,23,86,87,88,23,23,400
400,23,23,86,87,88,23,23,23,23,23,23,86,87,88,23,23,23,23,23,23,23,23,23,23,23,86,87,88,23,23,400
400,23,23,86,87,88,23,23,23,23,23,23,86,87,88,23,23,23,23,23,23,23,23,23,23,23,86,87,88,23,23,400
400,23,23,86,87,88,23,23,23,23,23,23,86,87,88,23,23,23,23,23,23,23,23,23,23,23,86,87,88,23,23,400
400,23,23,86,87,88,23,23,23,23,23,23,86,87,88,23,23,23,23,23,23,23,23,23,23,23,86,87,88,23,23,400
400,23,23,86,87,88,23,23,23,23,23,23,86,87,88,23,23,23,23,23,23,23,23,23,23,23,86,87,88,23,23,400
400,23,23,86,87,88,23,23,23,23,23,23,86,87,88,23,23,23,23,23,23,23,23,23,23,23,86,87,88,23,23,400
400,54,55,87,87,87,55,55,55,55,55,55,87,87,87,55,55,55,55,55,55,55,55,55,55,55,87,87,87,55,55,55
400,86,87,87,87,87,87,87,87,87,87,87,87,87,87,87,87,87,87,87,87,87,87,87,87,87,87,87,87,87,87,87
400,118,119,119,119,119,119,119,119,119,119,119,87,87,87,119,119,119,119,119,119,119,119,119,119,119,119,119,119,119,119,119
400,23,23,23,23,23,23,23,23,23,23,23,86,87,88,23,23,23,23,23,23,23,23,23,23,23,23,23,23,23,23,400
400,23,23,23,23,23,23,23,23,23,23,23,86,87,88,23,23,23,23,23,23,23,23,23,23,23,23,23,23,23,23,400
400,23,23,23,23,23,23,23,23,23,23,23,86,87,88,23,23,23,23,23,23,23,23,23,23,23,23,23,23,23,23,400
400,23,23,23,23,23,23,23,23,23,23,23,86,87,88,23,23,23,23,23,23,23,23,23,23,23,23,23,23,23,23,400
400,23,23,23,23,23,23,23,23,23,23,23,86,87,88,23,23,23,23,23,23,23,23,23,23,23,23,23,23,23,23,400
400,23,23,23,23,23,23,23,23,23,23,23,86,87,88,23,23,23,23,23,23,23,23,23,23,23,23,23,23,23,23,400
400,23,23,23,23,23,23,23,23,23,23,23,86,87,88,23,23,23,23,23,23,23,23,23,23,23,23,23,23,23,23,400
400,23,23,23,23,23,23,23,23,23,23,23,86,87,88,23,23,23,23,23,23,23,23,23,23,23,23,23,23,23,23,400
400,23,23,23,23,23,23,23,23,23,23,23,86,87,88,23,23,23,23,23,23,23,23,23,23,23,23,23,23,23,23,400
54,55,55,55,55,55,55,55,55,55,55,55,87,87,88,23,23,23,23,23,23,23,23,23,23,23,23,23,23,23,23,400
86,87,87,87,87,87,87,87,87,87,87,87,87,87,88,23,23,23,23,23,23,23,23,23,23,23,23,23,23,23,23,400
118,119,119,119,119,119,119,119,119,119,119,119,119,119,120,400,400,400,400,400,400,400,400,400,400,400,400,400,400,400,400,400
